﻿Designator,Footprint,Quantity,Value,LCSC Part #
"2.5Vref1, GND1, VDDA1",TestPoint_Keystone_5005-5009_Compact,3,TestPoint,
"C1, C8",0805,2,10uF,
"C2, C3, C4, C5",0805,4,1uF,
"C6, C7",0805,2,47nF,
D1,0805,1,Green,
J1,PinHeader_1x24_P2.54mm_Vertical,1,Conn_01x24_Female,
J2,PinHeader_1x04_P2.54mm_Vertical,1,TEMPSPIANALYZER,
"R1, R10, R11, R12, R13, R14, R15, R16, R2, R3, R4, R5, R6, R7, R8, R9",0805,16,10k,
"R17, R18",0805,2,4.7k,
"R19, R20",0805,2,100k,
R21,0805,1,1k,
R22,0805,1,50,
U2,SOT-23-5,1,LM321,
U3,TSSOP-38_4.4x9.7mm_P0.5mm,1,ADS7953SBDBT,
U4,PeripheralSOM,1,~,
U5,SOT-23-5_DBV_TEX,1,REF4132B25DBVR,
